ID,Nghe_Nghiep,Thang_1,Thang_2,Thang_3,Thang_4,Thang_5,Thang_6,Thang_7,Thang_8,Thang_9,Thang_10,Thang_11,Thang_12,Tong_Thu_Nhap,Noi_Lo_Chinh,Bao_Hiem
KH001,Làm vườn,2625,2349,4549,4538,7303,7110,6931,7346,4677,4910,4795,3363,60496,Gửi tiền về VN,Chưa có
KH002,Làm hãng,4094,4567,4520,4516,3946,3800,3797,3988,4147,3783,4191,3992,49341,Chi phí y tế,Đã có
KH003,Làm tóc,5397,5614,5876,4975,7874,8137,7358,7298,5096,5560,5742,7162,76089,Chi phí y tế,Chưa có
KH004,Làm hãng,3958,3970,4105,4192,4217,4583,4183,4158,4278,4501,4165,4202,50512,Chi phí y tế,Đã có
KH005,Nails,5098,5215,5275,5780,8418,7354,7953,7394,5914,5504,5184,7352,76441,Chi phí y tế,Đã có
KH006,Nails,5731,5959,5904,5517,6968,7432,8361,7144,5246,5272,5090,7296,75920,Chi phí y tế,Chưa có
KH007,Nails,5179,5582,5041,5342,8223,7852,7691,8235,5054,4998,5684,8349,77230,Chi phí y tế,Đã có
KH008,Nails,5775,5342,5999,5233,8120,8185,7472,8026,4989,5120,5385,8067,77713,Chi phí y tế,Đã có
KH009,Làm hãng,4249,3874,4021,4488,4067,4555,4480,4360,4526,3904,3800,4089,50413,Hưu trí,Chưa có
KH010,Nails,5271,5360,5984,5628,7358,7670,7969,8144,5301,5935,5172,7461,77253,Chi phí y tế,Chưa có
KH011,Làm hãng,3871,4175,3859,3841,4383,4475,4132,4165,3961,4159,3822,3985,48828,Gửi tiền về VN,Chưa có
KH012,Làm tóc,5386,5745,6043,5315,7679,8360,7018,7911,5700,5770,6040,7512,78479,Gửi tiền về VN,Đã có
KH013,Làm hãng,3915,4100,4123,4151,4166,4497,3913,4562,3807,4106,4177,4426,49943,Thuế thu nhập,Chưa có
KH014,Nails,5296,5774,5254,5824,7633,8129,7415,7782,6043,5581,5826,8022,78579,Chi phí y tế,Đã có
KH015,Nails,5818,6013,5068,5198,7102,7784,7482,7438,5112,5891,5436,8234,76576,Chi phí y tế,Đã có
KH016,Làm vườn,2394,2427,5105,4575,6489,6228,6929,6234,4643,4808,4667,3397,57896,Chi phí y tế,Đã có
KH017,Làm hãng,4381,4487,4171,4213,3802,3862,3789,4429,3788,3856,3849,4388,49015,Học vấn con cái,Chưa có
KH018,Nails,5897,5201,5127,5139,7738,7041,6985,8249,5994,4958,5032,7487,74848,Chi phí y tế,Chưa có
KH019,Nails,5618,5903,5790,5836,8024,8175,8156,8395,5207,5064,6020,7132,79320,Chi phí y tế,Chưa có
KH020,Làm vườn,2605,2400,4395,4351,6387,6417,6196,6160,4536,4860,4824,3589,56720,Chi phí y tế,Đã có
KH021,Nails,5784,6023,5451,5471,8292,7379,8045,7891,6048,5729,5351,7801,79265,Gửi tiền về VN,Đã có
KH022,Nails,5950,5067,5061,5949,8305,7589,8334,7950,5480,5860,5674,7657,78876,Chi phí y tế,Chưa có
KH023,Nails,5443,5617,5798,5760,7902,8231,7680,7406,5364,5008,5598,8254,78061,Chi phí y tế,Chưa có
KH024,Làm hãng,4012,3787,3845,4455,4294,3959,4122,4229,4614,3995,4452,4564,50328,Thuế thu nhập,Chưa có
KH025,Bác sĩ,20165,19986,22367,21047,20598,21147,23185,23729,23336,24199,23137,21375,264271,Thuế thu nhập,Chưa có
KH026,Nails,5215,5446,5758,5211,7105,7432,7653,7945,5733,5411,5254,8260,76423,Chi phí y tế,Đã có
KH027,Bác sĩ,23902,23010,23996,24000,20467,22078,23637,21953,22942,21724,20092,21588,269389,Hưu trí,Đã có
KH028,Làm tóc,5194,5790,5487,5558,7301,7743,7765,7027,5123,5171,5751,7145,75055,Thuế thu nhập,Đã có
KH029,Bác sĩ,22499,23945,19998,21591,21727,21490,22983,20123,22963,22927,20782,20994,262022,Thuế thu nhập,Đã có
KH030,Bác sĩ,22670,20770,20621,23298,20201,23818,21915,22020,23984,20881,22758,23922,266858,Thuế thu nhập,Đã có
KH031,Làm vườn,2268,2378,4390,4960,6705,7260,7348,6746,4525,5047,4844,3190,59661,Chi phí y tế,Đã có
KH032,Làm hãng,4336,4527,4456,4463,4181,4309,4224,3930,4538,4595,3798,3812,51169,Học vấn con cái,Chưa có
KH033,Nails,5053,5894,5060,5250,7495,7033,6946,7972,5066,5760,5509,7644,74682,Chi phí y tế,Đã có
KH034,Nails,6013,5543,5416,5977,8021,7421,7967,7678,5332,5882,5379,7126,77755,Chi phí y tế,Chưa có
KH035,Làm vườn,2408,2578,4770,4539,7052,6210,6432,7219,4571,4820,4894,3567,59060,Chi phí y tế,Đã có
KH036,Nails,5125,5318,5041,5317,8014,8096,7863,7762,5291,5210,5869,7103,76009,Gửi tiền về VN,Chưa có
KH037,Làm tóc,5730,5825,5467,5254,7067,6984,8048,7289,5789,5773,5795,7801,76822,Gửi tiền về VN,Đã có
KH038,Làm vườn,2252,2441,4865,4331,7120,6164,6510,6332,5069,5092,4920,3475,58571,Chi phí y tế,Chưa có
KH039,Làm tóc,5072,5283,5350,5966,7145,7942,8039,7267,5933,5068,5218,7036,75319,Chi phí y tế,Chưa có
KH040,Làm hãng,3980,4019,4025,4349,4422,3790,4117,3982,4111,3957,4288,4102,49142,Hưu trí,Chưa có
KH041,Làm hãng,4204,3876,4282,4503,4546,3877,4470,4521,4459,4548,3813,3793,50892,Hưu trí,Chưa có
KH042,Làm vườn,2611,2264,4328,4942,6540,7233,7365,7066,4818,4840,4614,3089,59710,Gửi tiền về VN,Chưa có
KH043,Làm vườn,2487,2518,4981,4671,6216,6836,7177,6866,4670,5125,5096,3482,60125,Chi phí y tế,Đã có
KH044,Làm hãng,3892,4552,4141,3952,4308,4265,3787,4378,4532,4467,3933,4501,50708,Chi phí y tế,Chưa có
KH045,Làm hãng,3882,4532,4216,4461,4081,3822,3786,4089,4609,4409,4049,3829,49765,Chi phí y tế,Đã có
KH046,Làm tóc,5096,5082,5233,5105,7667,7964,7671,7258,5689,4967,5359,7965,75056,Hưu trí,Chưa có
KH047,Làm vườn,2617,2582,4970,4586,6207,6979,6686,6373,5063,4596,4855,3493,59007,Chi phí y tế,Chưa có
KH048,Làm hãng,4469,4354,4531,4528,3805,3940,3982,4355,4475,4268,4035,4403,51145,Học vấn con cái,Đã có
KH049,Làm hãng,4551,4218,3908,4575,4541,3994,4365,4325,3921,4597,3797,4211,51003,Thuế thu nhập,Chưa có
KH050,Làm hãng,4427,3879,4552,4332,4227,4386,3801,3860,4370,4438,4427,4474,51173,Thuế thu nhập,Đã có
KH051,Nails,5948,5315,4981,6013,7515,7908,7842,7659,6031,5605,5254,8084,78155,Chi phí y tế,Đã có
KH052,Làm hãng,3844,4196,4548,3876,4066,4444,4585,4585,4486,4029,4451,3834,50944,Học vấn con cái,Chưa có
KH053,Làm hãng,4450,4382,4619,4325,3923,3889,3914,4344,4274,4545,4142,4467,51274,Chi phí y tế,Chưa có
KH054,Làm tóc,5622,5326,5023,5789,6969,7275,7924,7307,5557,5103,6019,8302,76216,Thuế thu nhập,Đã có
KH055,Nails,5198,5255,5879,5957,6960,7684,7323,7178,5806,5834,5282,8060,76416,Chi phí y tế,Đã có
KH056,Làm tóc,5445,5363,5032,5116,7334,7304,7526,8359,5502,5494,5609,7987,76071,Học vấn con cái,Chưa có
KH057,Nails,5127,5217,5634,5188,7953,8325,7768,7828,5197,5601,5842,7950,77630,Chi phí y tế,Chưa có
KH058,Làm hãng,3824,4045,3998,3892,4333,4031,4334,4096,4357,4105,4340,4276,49631,Chi phí y tế,Chưa có
KH059,Nails,5801,5796,5918,5817,7374,7485,7410,8373,5077,4989,5520,7443,77003,Gửi tiền về VN,Chưa có
KH060,Bác sĩ,22939,23249,20030,24184,23790,23872,22562,23027,21368,21529,21097,21261,268908,Hưu trí,Đã có
KH061,Nails,5716,5637,5084,5175,8287,7955,8066,7537,5837,5837,5211,7349,77691,Chi phí y tế,Chưa có
KH062,Làm hãng,4017,4462,4608,3915,4203,4537,4153,4051,3934,4609,4061,4361,50911,Hưu trí,Chưa có
KH063,Làm vườn,2631,2180,4454,4556,6448,7020,6504,6561,5232,4867,5238,3526,59217,Gửi tiền về VN,Đã có
KH064,Nails,5155,5653,5798,5407,8194,8293,8446,8330,5996,5291,5865,6949,79377,Chi phí y tế,Chưa có
KH065,Nails,5452,5329,5435,5958,7178,7182,7760,7473,5791,5519,5946,8196,77219,Gửi tiền về VN,Chưa có
KH066,Làm vườn,2244,2302,5156,5234,6809,6360,6404,6567,4947,4690,4513,3093,58319,Chi phí y tế,Chưa có
KH067,Bác sĩ,22501,24088,22042,23548,21181,24086,24123,21132,22909,23622,22900,20020,272152,Thuế thu nhập,Chưa có
KH068,Nails,5548,5539,6003,5254,7382,7338,8032,7657,5845,5566,5668,7284,77116,Chi phí y tế,Chưa có
KH069,Nails,5803,5364,5567,5532,7301,8129,7122,7192,5027,5342,5924,8373,76676,Chi phí y tế,Chưa có
KH070,Bác sĩ,22032,20664,23286,22025,23166,22797,19899,22575,20438,21769,21710,21037,261398,Thuế thu nhập,Đã có
KH071,Làm vườn,2252,2207,5013,4834,6068,6318,6995,6832,4522,4727,4724,3592,58084,Chi phí y tế,Chưa có
KH072,Làm vườn,2477,2186,5010,5167,6263,6328,6970,6839,5269,4421,4803,3232,58965,Chi phí y tế,Chưa có
KH073,Làm hãng,4285,4524,4122,3868,4457,4345,3787,4138,4488,4610,4164,4188,50976,Học vấn con cái,Chưa có
KH074,Nails,5814,5846,5339,5622,7041,8176,7903,6983,5340,5214,5296,7229,75803,Gửi tiền về VN,Đã có
KH075,Làm hãng,4526,4141,4016,3839,4112,4535,4453,3878,3984,3813,4477,3849,49623,Thuế thu nhập,Chưa có
KH076,Bác sĩ,21905,22373,21086,20203,22878,20521,19826,23441,23064,20202,23062,20726,259287,Thuế thu nhập,Chưa có
KH077,Làm hãng,4117,4518,3884,4174,3962,4018,4036,4073,4225,4368,4027,4365,49767,Hưu trí,Chưa có
KH078,Nails,5986,5721,5686,4952,7591,7611,7046,8049,5759,4960,5800,7555,76716,Gửi tiền về VN,Đã có
KH079,Nails,5693,5875,5833,5658,7992,8124,6990,7341,5466,5706,4950,7570,77198,Chi phí y tế,Chưa có
KH080,Nails,5664,5396,5668,5737,8069,8235,6937,7000,5105,5194,6043,7714,76762,Gửi tiền về VN,Đã có
KH081,Nails,5413,4962,5967,5767,6989,6961,7122,7072,5933,5083,5843,8096,75208,Chi phí y tế,Chưa có
KH082,Nails,4999,5913,5842,5580,7368,7126,7726,7600,5222,6004,5057,7328,75765,Chi phí y tế,Chưa có
KH083,Nails,5048,5452,5194,5359,8275,7833,7814,7995,5834,5848,4993,7538,77183,Chi phí y tế,Chưa có
KH084,Làm vườn,2282,2218,4360,4356,7233,7055,7390,7356,4596,4360,4934,3590,59730,Chi phí y tế,Chưa có
KH085,Nails,5818,5063,6048,5523,7765,7245,8306,7106,5052,5581,5549,8393,77449,Chi phí y tế,Chưa có
KH086,Làm vườn,2279,2320,5006,5030,6468,6817,6254,6217,4859,5037,4757,3473,58517,Gửi tiền về VN,Đã có
KH087,Làm vườn,2310,2462,4607,4955,7301,6840,6500,6950,4641,5208,4689,3453,59916,Chi phí y tế,Chưa có
KH088,Làm vườn,2555,2246,5016,4717,6318,6427,6720,6187,4858,4873,4607,3508,58032,Chi phí y tế,Đã có
KH089,Làm hãng,4433,4227,4568,4435,3999,4417,4095,4326,4407,3983,4456,4521,51867,Gửi tiền về VN,Chưa có
KH090,Làm tóc,5207,5742,5343,5798,6949,7957,7376,7106,5163,5344,5818,8466,76269,Thuế thu nhập,Đã có
KH091,Làm hãng,4142,4131,4181,4257,4431,4308,3896,4505,3857,4412,3963,4453,50536,Gửi tiền về VN,Đã có
KH092,Bác sĩ,20917,19894,20180,21172,21467,21868,22336,20923,20552,22943,22657,23600,258509,Thuế thu nhập,Chưa có
KH093,Bác sĩ,20866,22336,21335,21263,21604,20251,20899,23096,21789,21565,21646,20755,257405,Thuế thu nhập,Đã có
KH094,Nails,5177,5229,5933,5924,7369,7005,7693,7435,5041,5521,5244,6993,74564,Chi phí y tế,Chưa có
KH095,Nails,5218,5747,5366,5269,8071,7295,8146,7213,5769,5876,5953,8010,77933,Chi phí y tế,Đã có
KH096,Bác sĩ,22324,21359,22232,21173,20812,21650,22793,22023,22714,20087,24176,23994,265337,Thuế thu nhập,Đã có
KH097,Làm tóc,5846,5802,5182,5533,7591,8325,7599,8064,5558,5947,5169,8095,78711,Gửi tiền về VN,Đã có
KH098,Làm vườn,2234,2565,4600,4416,7169,7169,7365,6951,4377,5013,4915,3156,59930,Chi phí y tế,Đã có
KH099,Làm vườn,2509,2292,4749,4437,6771,6239,7172,6742,4740,4637,5040,3073,58401,Gửi tiền về VN,Chưa có
KH100,Làm tóc,5061,5360,5659,5110,7744,7505,7397,8076,5381,5594,5815,7955,76657,Gửi tiền về VN,Chưa có
KH101,Làm vườn,2638,2319,4665,4411,7378,7297,6213,6161,4826,4748,5224,3326,59206,Chi phí y tế,Chưa có
KH102,Làm hãng,4613,3908,4111,4283,3978,4417,4291,4238,4320,4211,4501,4329,51200,Thuế thu nhập,Chưa có
KH103,Nails,5992,5040,5946,5189,7611,7626,7030,8422,4961,5316,5064,7686,75883,Chi phí y tế,Chưa có
KH104,Nails,5021,5322,5194,5932,7461,7619,7097,8003,5448,5289,5518,8162,76066,Chi phí y tế,Đã có
KH105,Làm tóc,5397,5521,5978,5460,7446,7086,7444,7746,5851,5190,5330,7963,76412,Học vấn con cái,Chưa có
KH106,Làm tóc,5998,5501,5922,5520,7190,7216,7358,7589,5126,5484,4989,7035,74928,Chi phí y tế,Đã có
KH107,Nails,5810,5613,5817,6004,7954,7673,7398,6965,5339,5380,5547,7921,77421,Chi phí y tế,Chưa có
KH108,Làm tóc,5589,5832,5099,5069,8016,8205,7212,8003,5067,5399,5163,8094,76748,Học vấn con cái,Chưa có
KH109,Nails,6008,5611,5695,5001,7533,7216,7918,7768,5514,5376,5229,8162,77031,Gửi tiền về VN,Chưa có
KH110,Làm tóc,6007,5279,5658,5058,8171,7703,7353,8228,5264,5717,5144,6944,76526,Hưu trí,Chưa có
KH111,Làm hãng,4062,4242,4310,4328,3810,4493,3782,4124,4156,4419,3926,4035,49687,Gửi tiền về VN,Đã có
KH112,Làm vườn,2299,2577,5263,4958,7100,6323,6293,7315,4445,4853,4379,3555,59360,Chi phí y tế,Chưa có
KH113,Làm vườn,2574,2574,5221,4736,7337,6617,6410,6266,4951,5135,5080,3069,59970,Chi phí y tế,Đã có
KH114,Làm vườn,2386,2209,4997,4417,7326,6478,6925,6711,5270,4486,4832,3223,59260,Chi phí y tế,Đã có
KH115,Bác sĩ,19810,21889,21554,23319,20743,21851,23169,23600,23126,21749,20260,23710,264780,Thuế thu nhập,Đã có
KH116,Làm hãng,3915,3997,4098,4355,4616,4523,4091,4305,4077,4164,4111,4131,50383,Thuế thu nhập,Đã có
KH117,Làm hãng,4076,4033,4005,4003,3843,4201,3954,3951,3869,4325,4559,4206,49025,Chi phí y tế,Đã có
KH118,Làm hãng,4141,4576,4331,3940,3861,4132,3864,4229,3865,4048,3826,4287,49100,Thuế thu nhập,Đã có
KH119,Làm tóc,5560,5405,4975,5389,7690,7781,6987,7155,5205,5246,5937,7659,74989,Gửi tiền về VN,Chưa có
KH120,Làm hãng,4606,3787,4554,3981,4481,3831,4055,4186,4487,4266,4059,4425,50718,Hưu trí,Chưa có
KH121,Nails,5375,5866,5209,5712,7651,7458,7079,7662,5423,5123,5016,7785,75359,Chi phí y tế,Chưa có
KH122,Làm hãng,3822,4122,4153,4068,4418,4131,3895,3824,3997,4373,4032,4509,49344,Hưu trí,Đã có
KH123,Làm tóc,5219,5163,5883,5904,7776,8182,8189,6950,5344,5194,5722,7007,76533,Hưu trí,Đã có
KH124,Nails,6006,5851,5402,5701,8333,7851,8250,7972,5938,5388,5984,7999,80675,Gửi tiền về VN,Đã có
KH125,Nails,5954,5305,5758,4961,7801,7984,7936,7907,6009,5059,5736,8405,78815,Chi phí y tế,Đã có
KH126,Nails,5027,5991,5681,5163,7430,7530,7831,7616,5800,4989,5148,8331,76537,Chi phí y tế,Đã có
KH127,Làm hãng,4156,4231,3936,4059,4382,3801,4524,4532,3853,3867,4101,4447,49889,Gửi tiền về VN,Chưa có
KH128,Làm vườn,2531,2396,4709,5033,6381,6809,6459,6061,5074,4367,4862,3244,57926,Chi phí y tế,Đã có
KH129,Làm vườn,2171,2608,4661,4934,6590,7149,6470,6399,4390,5262,4384,3278,58296,Chi phí y tế,Chưa có
KH130,Làm vườn,2466,2340,4843,4374,6256,6751,6563,6761,4660,4821,4592,3345,57772,Chi phí y tế,Đã có
KH131,Làm hãng,4370,4392,4284,4601,4416,3881,4510,4338,4038,4046,4411,3939,51226,Thuế thu nhập,Đã có
KH132,Nails,5189,5163,5677,6003,7277,7104,8333,7512,5754,5891,5210,6965,76078,Chi phí y tế,Chưa có
KH133,Làm tóc,5305,5334,5246,5170,7901,7258,7539,8395,5634,5058,5447,8312,76599,Chi phí y tế,Đã có
KH134,Bác sĩ,23871,20507,21568,20772,20351,23133,20166,23544,23597,22758,20817,22807,263891,Hưu trí,Đã có
KH135,Làm hãng,4203,4247,4473,4498,4554,3903,4036,4081,4239,4131,4070,4286,50721,Chi phí y tế,Chưa có
KH136,Làm hãng,4439,4267,4456,4507,4029,4565,4039,3938,4042,4003,4305,4125,50715,Hưu trí,Chưa có
KH137,Làm hãng,4032,4409,4100,4345,3934,4464,4602,4398,4106,4115,3799,4398,50702,Hưu trí,Chưa có
KH138,Làm vườn,2209,2499,4915,4396,6804,6805,7149,6637,5157,4971,4629,3027,59198,Chi phí y tế,Đã có
KH139,Nails,6033,5279,6014,4959,8309,7150,7224,8377,5206,5574,5626,7684,77435,Chi phí y tế,Chưa có
KH140,Làm tóc,5530,5365,5206,6032,8388,7420,7831,7894,5445,5154,5213,7920,77398,Gửi tiền về VN,Chưa có
KH141,Nails,5598,4962,5602,5057,7089,7679,7395,7892,5407,5197,5328,7410,74616,Gửi tiền về VN,Đã có
KH142,Làm hãng,4230,4345,4145,4264,4031,4442,4379,3871,4098,4050,3984,3888,49727,Thuế thu nhập,Chưa có
KH143,Nails,5849,5184,5070,5702,7146,7096,7771,8296,6005,5303,5636,8326,77384,Chi phí y tế,Chưa có
KH144,Nails,5432,5748,4974,5505,8163,8308,7654,8297,5533,5312,5129,7367,77422,Chi phí y tế,Đã có
KH145,Làm hãng,4587,4291,4125,3964,3797,4070,4177,4036,3814,4211,3933,4320,49325,Học vấn con cái,Đã có
KH146,Làm hãng,3924,4132,3796,4212,4422,4371,4478,4129,4263,4176,4489,4195,50587,Chi phí y tế,Chưa có
KH147,Làm hãng,4131,4086,4026,4457,3905,4457,4169,4079,4525,4535,4455,4071,50896,Học vấn con cái,Đã có
KH148,Nails,5799,5936,5950,5589,7952,7975,7552,7643,5154,5284,5296,7729,77859,Chi phí y tế,Đã có
KH149,Làm tóc,5294,5367,5676,5871,8105,8451,8430,7697,5516,5320,5464,8392,79583,Gửi tiền về VN,Chưa có
KH150,Làm hãng,4359,4063,4502,4265,4491,4158,3979,3989,4242,4217,3952,4021,50238,Chi phí y tế,Chưa có
KH151,Làm vườn,2360,2223,4463,4722,7071,6061,7380,6781,4886,4875,4816,3442,59080,Gửi tiền về VN,Đã có
KH152,Nails,5144,5422,5951,5373,7098,7993,8414,7547,5750,5738,5752,8337,78519,Chi phí y tế,Chưa có
KH153,Làm hãng,3866,3870,4086,4524,4114,4306,3820,4246,4334,3975,4309,3795,49245,Chi phí y tế,Đã có
KH154,Làm hãng,4445,4522,4073,3922,4319,3955,3857,4064,4172,4463,3978,4539,50309,Hưu trí,Chưa có
KH155,Nails,5562,5586,5686,5613,7914,7947,7210,8438,5052,5391,5466,8321,78186,Gửi tiền về VN,Đã có
KH156,Làm vườn,2584,2192,5204,4659,6938,7163,6841,7269,5030,5188,4973,3458,61499,Chi phí y tế,Chưa có
KH157,Làm tóc,5621,5926,5800,5827,7073,7621,7475,7470,5134,5746,5129,7379,76201,Thuế thu nhập,Chưa có
KH158,Nails,5753,5435,5010,5168,8292,7089,6994,7956,5310,5050,5468,7041,74566,Chi phí y tế,Đã có
KH159,Làm vườn,2161,2240,4691,4943,6437,6060,6576,6861,4922,5192,5092,3574,58749,Gửi tiền về VN,Chưa có
KH160,Làm vườn,2208,2516,5133,4656,6228,6709,6681,6991,5196,4397,5218,3098,59031,Chi phí y tế,Chưa có
KH161,Làm hãng,4469,4527,4047,4197,4496,4242,4164,3799,3869,3988,3913,3811,49522,Chi phí y tế,Chưa có
KH162,Làm vườn,2460,2617,4861,4578,7124,6191,7077,6952,4742,4573,5178,3510,59863,Gửi tiền về VN,Đã có
KH163,Làm hãng,4505,4036,4087,4163,4165,4117,4459,4395,3955,3942,4199,3897,49920,Gửi tiền về VN,Chưa có
KH164,Làm tóc,5406,5410,5150,5920,6961,8421,7442,7930,5940,5165,5282,8116,77143,Chi phí y tế,Chưa có
KH165,Làm vườn,2425,2505,4801,5047,6779,6847,7301,7074,4985,4599,4823,3681,60867,Chi phí y tế,Chưa có
KH166,Nails,5361,4970,5498,5125,8416,8205,7540,7035,4976,5962,4994,7242,75324,Chi phí y tế,Chưa có
KH167,Làm hãng,4461,4370,4530,4613,4142,3998,3999,4545,4235,4039,3892,4023,50847,Thuế thu nhập,Chưa có
KH168,Nails,5131,4958,5298,5731,8228,8005,7416,8099,5087,5376,5855,8151,77335,Gửi tiền về VN,Chưa có
KH169,Bác sĩ,19945,22432,22876,22472,20459,23443,22388,20634,22778,21575,19842,22306,261150,Thuế thu nhập,Đã có
KH170,Làm vườn,2348,2167,4593,4528,6944,6425,6895,7273,4688,5218,4377,3188,58644,Chi phí y tế,Chưa có
KH171,Bác sĩ,24152,22255,20414,20709,22658,23245,22730,23283,20051,20602,19976,22241,262316,Thuế thu nhập,Đã có
KH172,Làm vườn,2420,2243,4980,4757,6874,7280,7356,6256,4898,4443,4562,3538,59607,Gửi tiền về VN,Chưa có
KH173,Làm hãng,4361,4301,4196,4139,4511,3970,4073,4518,4196,4436,4006,3808,50515,Thuế thu nhập,Chưa có
KH174,Làm vườn,2613,2438,4445,5197,6534,7141,6723,7151,4585,5206,4838,3422,60293,Gửi tiền về VN,Đã có
KH175,Nails,5554,5765,5700,5516,8391,7271,7388,6975,5423,5358,5850,8024,77215,Chi phí y tế,Chưa có
KH176,Nails,5071,5807,4989,5166,7155,7023,8060,7902,5286,4953,5345,7203,73960,Chi phí y tế,Đã có
KH177,Làm hãng,3805,3800,4317,3855,4472,4540,4494,4595,4478,3911,4193,4083,50543,Gửi tiền về VN,Đã có
KH178,Làm vườn,2589,2376,4803,5222,6999,7069,6270,6942,4339,4739,4540,3028,58916,Chi phí y tế,Chưa có
KH179,Làm hãng,4555,4049,4106,3834,4474,3926,4065,3917,4486,4198,4019,4443,50072,Gửi tiền về VN,Đã có
KH180,Nails,5461,5182,5311,5866,7134,8295,8182,7259,5031,5674,5000,7812,76207,Chi phí y tế,Chưa có
KH181,Làm vườn,2557,2387,4752,4989,7202,7387,6860,6185,5066,4729,5089,3215,60418,Chi phí y tế,Chưa có
KH182,Làm tóc,5778,5180,5807,5524,8337,8285,7443,8175,5624,5235,5201,7450,78039,Hưu trí,Đã có
KH183,Bác sĩ,22036,20974,20401,23862,21722,24158,22376,21093,21299,24074,22120,21092,265207,Hưu trí,Chưa có
KH184,Làm tóc,5511,5542,5380,5000,7735,8103,8306,8045,5703,5313,5444,7415,77497,Gửi tiền về VN,Đã có
KH185,Nails,5863,5451,5594,5426,7796,7037,7068,7934,4950,5923,5257,6985,75284,Chi phí y tế,Đã có
KH186,Làm tóc,5002,5719,5550,5544,7505,8255,7216,8107,5879,5800,5860,7431,77868,Học vấn con cái,Đã có
KH187,Nails,5054,5700,5123,5292,7284,7604,7905,7432,5505,5485,5344,8419,76147,Chi phí y tế,Đã có
KH188,Làm vườn,2204,2391,5146,4904,6346,6080,7167,6931,4839,4587,5017,3493,59105,Gửi tiền về VN,Chưa có
KH189,Bác sĩ,22007,21364,21810,22196,21442,21407,21163,20904,21266,22310,20603,22321,258793,Thuế thu nhập,Đã có
KH190,Làm hãng,3933,3847,4069,3863,4234,4207,4058,4557,4405,3984,3791,4365,49313,Học vấn con cái,Chưa có
KH191,Bác sĩ,23740,21662,24106,22776,20704,22377,20059,23196,23450,23794,22592,23073,271529,Thuế thu nhập,Đã có
KH192,Làm hãng,4213,3845,4052,3828,3946,3935,4347,4537,4203,4176,3916,4295,49293,Gửi tiền về VN,Chưa có
KH193,Làm hãng,4047,4612,3928,4133,4495,3855,3814,3918,4246,3853,4238,3982,49121,Gửi tiền về VN,Chưa có
KH194,Làm hãng,3835,4550,4117,4493,3972,4366,4479,4487,4603,4578,4181,4014,51675,Học vấn con cái,Chưa có
KH195,Nails,5318,5188,5063,5888,6994,8062,8390,6936,5607,5693,5560,7684,76383,Chi phí y tế,Chưa có
KH196,Bác sĩ,24158,22536,21342,23460,23999,23584,23925,23425,21504,21197,23684,20396,273210,Hưu trí,Chưa có
KH197,Bác sĩ,20964,21722,22242,22549,24143,21138,22005,21229,23817,19832,20888,22448,262977,Thuế thu nhập,Đã có
KH198,Làm tóc,5443,5313,5742,5645,8064,7944,7512,7376,6012,5403,5320,7384,77158,Học vấn con cái,Đã có
KH199,Làm hãng,3955,4345,4149,4070,4493,4079,4499,4211,4235,4070,4314,4496,50916,Thuế thu nhập,Chưa có
KH200,Nails,5604,5001,4994,5516,8030,8278,8467,8322,5536,5620,5972,8010,79350,Gửi tiền về VN,Chưa có
KH201,Làm vườn,2628,2253,5156,4404,6347,6967,7136,6388,4986,4361,4576,3611,58813,Chi phí y tế,Chưa có
KH202,Nails,5363,5908,5383,5387,7361,7079,7027,8013,5518,5245,5315,8097,75696,Chi phí y tế,Đã có
KH203,Nails,5515,5831,5908,5348,7821,8163,7903,8347,5289,5168,5624,8202,79119,Chi phí y tế,Chưa có
KH204,Làm hãng,4604,4263,4348,4572,4175,4211,4570,4602,3970,3791,4094,4134,51334,Chi phí y tế,Đã có
KH205,Làm vườn,2308,2484,5060,5091,6893,6538,7091,6115,5042,5244,5181,3531,60578,Chi phí y tế,Đã có
KH206,Làm hãng,4466,4610,4431,4596,4055,4394,4136,3794,4032,4187,4514,3840,51055,Gửi tiền về VN,Chưa có
KH207,Làm tóc,5721,5617,5248,5066,8221,7699,7767,7823,5100,5463,5302,7787,76814,Hưu trí,Chưa có
KH208,Làm hãng,3952,4539,4173,3784,4043,4180,3892,4581,4121,4546,4465,4059,50335,Học vấn con cái,Đã có
KH209,Nails,5367,5416,5879,5616,8392,7848,7610,7024,5305,5975,5542,7417,77391,Chi phí y tế,Chưa có
KH210,Nails,5105,5895,5725,5152,7200,7620,8232,7991,5798,5934,5325,7583,77560,Chi phí y tế,Chưa có
KH211,Làm hãng,3831,4074,4070,4616,4616,4614,3950,3935,4325,4012,4000,4150,50193,Chi phí y tế,Đã có
KH212,Làm vườn,2346,2611,5069,4777,6813,7078,6887,6523,4928,4321,4926,3062,59341,Chi phí y tế,Chưa có
KH213,Nails,6025,5667,5586,5766,8281,7950,7191,7994,5915,5978,5633,7989,79975,Chi phí y tế,Đã có
KH214,Làm hãng,4464,3986,4010,4108,4298,4270,4214,4074,4580,3805,3820,4183,49812,Học vấn con cái,Chưa có
KH215,Làm hãng,4112,4575,4410,4370,3892,3912,4606,3797,4469,4199,4025,4071,50438,Chi phí y tế,Đã có
KH216,Làm tóc,5901,5831,5583,5636,8096,7050,8347,8070,5145,5093,5460,7565,77777,Học vấn con cái,Đã có
KH217,Bác sĩ,21737,22889,22623,20225,20629,19993,20777,20600,21340,23983,23338,20670,258804,Thuế thu nhập,Chưa có
KH218,Làm vườn,2275,2539,4856,4976,6717,7079,6856,7146,4888,4588,5023,3479,60422,Chi phí y tế,Chưa có
KH219,Nails,5393,5432,5593,5593,8249,7174,7066,7134,4998,5092,5342,7292,74358,Chi phí y tế,Đã có
KH220,Làm tóc,4961,5088,5399,5312,7184,7472,7292,7165,5593,5860,5192,8148,74666,Hưu trí,Chưa có
KH221,Nails,5880,5771,5941,5584,7136,7407,8233,8172,5209,5869,5225,7060,77487,Chi phí y tế,Đã có
KH222,Làm hãng,4601,4039,3794,4035,4239,4442,4297,3899,4016,4491,4169,4487,50509,Chi phí y tế,Chưa có
KH223,Làm hãng,3990,4570,4025,4278,4123,3931,4266,4183,4579,4274,4549,4039,50807,Học vấn con cái,Chưa có
KH224,Làm hãng,4183,3925,3870,4600,3802,4210,4345,4561,4395,4384,4088,4587,50950,Chi phí y tế,Chưa có
KH225,Nails,5909,5726,5551,5251,8374,7854,7518,7648,4956,5378,5806,8184,78155,Chi phí y tế,Chưa có
KH226,Nails,5344,5373,5524,5523,8032,7582,8383,7130,5222,5567,5352,7090,76122,Chi phí y tế,Chưa có
KH227,Nails,5476,5054,5228,5669,7020,8211,7528,7801,5517,4951,5906,7594,75955,Chi phí y tế,Đã có
KH228,Nails,5178,5325,5242,5696,7886,7357,7494,8444,5810,5053,5088,8300,76873,Chi phí y tế,Đã có
KH229,Làm vườn,2200,2394,4787,4873,6893,6637,6279,6074,5131,5207,4611,3575,58661,Chi phí y tế,Chưa có
KH230,Nails,5756,5509,5614,5858,7768,8440,7000,6967,5635,5814,5524,8095,77980,Chi phí y tế,Chưa có
KH231,Làm tóc,5416,5508,5800,5348,6936,8245,8174,7216,5616,5191,5983,8426,77859,Chi phí y tế,Đã có
KH232,Làm hãng,4518,3821,4471,3922,4556,4443,3898,4433,3938,3791,3806,4161,49758,Chi phí y tế,Chưa có
KH233,Làm tóc,5533,4968,5682,5545,7281,8120,6959,7334,4989,5098,5578,7501,74588,Thuế thu nhập,Chưa có
KH234,Nails,5419,5365,5666,5315,7382,7626,8101,7155,5090,5049,5674,7909,75751,Gửi tiền về VN,Chưa có
KH235,Nails,5181,5281,5008,5081,8315,7328,7581,8015,5185,5176,5607,7589,75347,Gửi tiền về VN,Đã có
KH236,Nails,5132,5136,5737,6034,8145,7404,8340,7882,4991,5673,5909,7984,78367,Chi phí y tế,Chưa có
KH237,Làm hãng,4442,4018,3852,4361,4452,4045,4145,4584,4606,4033,4594,4398,51530,Hưu trí,Đã có
KH238,Bác sĩ,23020,21252,21816,23836,23530,20639,22644,21488,21134,19853,20073,21564,260849,Hưu trí,Đã có
KH239,Nails,5764,5960,5956,6011,8022,7605,7114,8000,6006,5087,4994,7957,78476,Chi phí y tế,Đã có
KH240,Làm tóc,5985,5996,5035,5471,7890,7615,7350,6931,5920,5655,5079,7141,76068,Gửi tiền về VN,Chưa có
KH241,Bác sĩ,21893,20243,21514,19865,22857,22397,22193,20381,21182,22525,21676,20787,257513,Thuế thu nhập,Đã có
KH242,Làm vườn,2351,2267,5180,4371,6825,6421,7094,6563,4844,4420,4927,3069,58332,Chi phí y tế,Đã có
KH243,Nails,5128,5595,5076,5664,7333,8445,7681,7534,5647,5583,5115,7122,75923,Chi phí y tế,Chưa có
KH244,Nails,5882,5335,4957,5762,7499,7362,7819,7241,4965,5827,5321,8260,76230,Chi phí y tế,Đã có
KH245,Nails,5155,5379,5046,5969,7797,7758,7937,7245,5170,5397,5878,7929,76660,Gửi tiền về VN,Chưa có
KH246,Làm tóc,5762,5104,5300,5759,8441,7911,8285,7003,5399,5286,5047,7683,76980,Chi phí y tế,Đã có
KH247,Làm vườn,2316,2342,4639,5081,6334,7305,6993,7175,4745,4387,4690,3383,59390,Chi phí y tế,Chưa có
KH248,Làm vườn,2336,2231,4986,4642,6249,6418,7376,6304,5172,4520,5151,3030,58415,Chi phí y tế,Chưa có
KH249,Làm hãng,4418,4363,4527,4133,4464,4501,3785,3886,3856,3874,4485,3971,50263,Thuế thu nhập,Chưa có
KH250,Làm hãng,4489,4300,3978,4337,3849,4241,4449,4463,4454,4260,3782,4435,51037,Học vấn con cái,Chưa có
KH251,Làm vườn,2289,2282,4666,5185,6725,7170,6120,7030,4664,4791,5193,3227,59342,Gửi tiền về VN,Đã có
KH252,Làm tóc,5063,5258,5179,5759,8048,7532,8042,8149,5274,5692,5100,7315,76411,Chi phí y tế,Đã có
KH253,Nails,5165,5601,5137,5743,7212,7824,8201,8434,5542,5586,5307,7858,77610,Chi phí y tế,Chưa có
KH254,Làm vườn,2590,2635,4653,5237,7022,6950,6451,6901,4520,5232,4708,3234,60133,Chi phí y tế,Đã có
KH255,Làm hãng,4475,4314,4180,4275,3955,4121,4126,4195,4238,4426,4194,4516,51015,Học vấn con cái,Đã có
KH256,Làm tóc,5707,5062,5697,5377,8249,7004,7572,7720,5120,5098,5960,8107,76673,Hưu trí,Chưa có
KH257,Nails,5413,5736,4959,5800,6990,7943,7511,8000,5321,5352,5558,6989,75572,Gửi tiền về VN,Chưa có
KH258,Làm tóc,5416,5761,5812,5468,7985,8081,7470,7597,5219,5922,5885,8229,78845,Chi phí y tế,Chưa có
KH259,Làm vườn,2185,2470,4980,5256,7185,6441,6954,6454,5271,4343,5084,3329,59952,Chi phí y tế,Chưa có
KH260,Làm tóc,6006,5120,5592,5470,8364,7449,7992,8226,5898,5249,5282,7492,78140,Thuế thu nhập,Chưa có
KH261,Làm vườn,2297,2452,4387,4810,6732,7243,7258,6593,5244,4381,5089,3562,60048,Gửi tiền về VN,Chưa có
KH262,Bác sĩ,20800,20467,21013,21734,23576,20685,21742,22854,23925,21456,23812,20561,262625,Thuế thu nhập,Đã có
KH263,Làm vườn,2481,2330,4898,4642,6590,6475,6819,7087,4930,5190,4478,3223,59143,Chi phí y tế,Chưa có
KH264,Nails,5365,5927,5720,5170,6967,8145,7723,7245,5594,5966,5971,7001,76794,Gửi tiền về VN,Chưa có
KH265,Nails,5474,5054,5056,5770,7947,8221,7212,8304,5473,5985,5011,7012,76519,Chi phí y tế,Chưa có
KH266,Nails,5043,5407,5400,5896,7217,7462,8195,7614,5427,5505,5802,7561,76529,Chi phí y tế,Chưa có
KH267,Nails,5771,5014,6023,5101,7587,8039,7034,7665,5107,5398,5084,8399,76222,Chi phí y tế,Chưa có
KH268,Bác sĩ,22550,21373,23780,20927,22131,24021,22573,23334,23434,23616,23067,21957,272763,Hưu trí,Chưa có
KH269,Làm tóc,5530,6004,5338,5856,7602,7757,8324,8377,5687,4953,4993,7839,78260,Chi phí y tế,Chưa có
KH270,Làm tóc,5332,5392,5144,5485,7253,7563,7541,8157,5674,5569,5702,8211,77023,Hưu trí,Chưa có
KH271,Làm hãng,4414,4118,4436,4252,4193,3906,3950,4381,4470,4588,4055,4075,50838,Chi phí y tế,Chưa có
KH272,Làm hãng,3987,4438,4314,4601,4338,4062,3974,4170,4174,3946,3993,4017,50014,Hưu trí,Chưa có
KH273,Nails,5068,5431,5745,5467,7125,7843,8403,7503,5506,5902,5717,7743,77453,Chi phí y tế,Đã có
KH274,Làm vườn,2583,2593,4759,4342,6620,7048,6141,6473,5117,5156,4557,3305,58694,Chi phí y tế,Chưa có
KH275,Làm hãng,4034,4027,4072,4182,4586,4352,4436,4267,3973,3809,4351,4023,50112,Hưu trí,Chưa có
KH276,Làm tóc,5666,5825,5833,4972,7802,8053,7223,7521,5469,5387,5833,8429,78013,Chi phí y tế,Chưa có
KH277,Làm hãng,3980,4164,3823,3862,4611,3957,4050,4311,4267,4281,4131,4107,49544,Chi phí y tế,Đã có
KH278,Nails,5834,5855,5967,5048,8186,8124,8466,7237,5984,5522,5190,7996,79409,Chi phí y tế,Chưa có
KH279,Nails,5174,5151,5657,5955,7728,7996,7241,6940,5247,4972,5943,8385,76389,Chi phí y tế,Chưa có
KH280,Làm vườn,2528,2238,4904,4547,7036,6812,7099,6717,4657,5118,5185,3166,60007,Chi phí y tế,Chưa có
KH281,Làm hãng,4049,4178,4612,4136,4126,4308,3981,4546,3903,4203,4418,4360,50820,Gửi tiền về VN,Đã có
KH282,Bác sĩ,22427,20671,21660,24023,20580,20022,22114,23882,23391,20700,19891,23968,263329,Thuế thu nhập,Đã có
KH283,Bác sĩ,21768,22488,21528,21350,22487,22128,20298,20899,21023,20891,22044,23908,260812,Hưu trí,Đã có
KH284,Làm hãng,3917,3910,4540,4176,4377,3913,4474,3927,4317,4316,4553,4122,50542,Chi phí y tế,Chưa có
KH285,Làm tóc,5426,5359,5612,5728,6945,7015,7827,7346,5531,5507,5797,7501,75594,Hưu trí,Chưa có
KH286,Bác sĩ,23367,20542,21778,21511,22985,21171,22056,23166,21203,22277,21518,21462,263036,Thuế thu nhập,Đã có
KH287,Nails,5687,6018,5625,5058,7253,7566,8159,7183,5198,5865,4990,7347,75949,Chi phí y tế,Đã có
KH288,Làm vườn,2244,2454,5012,4956,7074,7306,6311,6449,4440,4852,4329,3309,58736,Chi phí y tế,Đã có
KH289,Làm tóc,5007,5096,5855,5746,8322,7170,7669,8443,5652,5628,5511,7030,77129,Chi phí y tế,Chưa có
KH290,Làm hãng,4018,4619,4050,4162,3878,4007,4425,3788,3864,4026,4438,4323,49598,Chi phí y tế,Đã có
KH291,Nails,5528,5709,5072,5870,7924,6944,7272,7020,5302,5473,5750,7157,75021,Chi phí y tế,Chưa có
KH292,Nails,5356,5771,5496,5663,7257,7922,7088,8130,5827,5001,5620,7441,76572,Chi phí y tế,Chưa có
KH293,Làm tóc,5729,5357,5917,5908,8428,8174,7557,7338,5944,5799,5511,8285,79947,Học vấn con cái,Chưa có
KH294,Làm tóc,5544,5208,5810,5326,7848,7665,7991,8278,5901,5209,5106,8032,77918,Gửi tiền về VN,Chưa có
KH295,Nails,5111,6001,5724,5634,7382,7284,6983,7373,5185,5404,5961,6958,75000,Chi phí y tế,Chưa có
KH296,Làm vườn,2277,2581,4440,4415,6199,6049,6679,7342,4988,5010,4524,3691,58195,Chi phí y tế,Đã có
KH297,Làm hãng,3865,4530,3871,3889,4479,4205,3807,3882,4541,3983,4583,4025,49660,Hưu trí,Chưa có
KH298,Nails,5320,4956,5686,5850,7801,7865,7662,7339,5677,5229,5424,7793,76602,Chi phí y tế,Đã có
KH299,Làm hãng,4598,3984,4603,3850,3949,3961,4145,4053,3961,4416,4282,4111,49913,Học vấn con cái,Đã có
KH300,Làm tóc,5754,5557,5071,5556,7665,8349,7758,6998,5661,5495,5047,8152,77063,Học vấn con cái,Đã có
KH301,Bác sĩ,23885,21895,22038,21609,21906,21211,22083,20098,20653,20111,20454,21941,257884,Hưu trí,Chưa có
KH302,Nails,5950,5634,5151,5322,7270,7890,7410,7759,5365,5844,5989,7481,77065,Chi phí y tế,Chưa có
KH303,Làm vườn,2481,2420,4472,5073,7381,6791,6662,7218,4463,4634,4647,3131,59373,Chi phí y tế,Chưa có
KH304,Bác sĩ,20211,20370,20434,23166,23336,24160,22219,23612,22897,21204,22010,22534,266153,Hưu trí,Đã có
KH305,Làm hãng,3985,4306,4371,4327,3900,4266,3931,4273,4337,3959,4302,3965,49922,Thuế thu nhập,Chưa có
KH306,Làm vườn,2164,2203,4835,4339,6468,7240,6534,6457,4585,5043,4498,3130,57496,Gửi tiền về VN,Chưa có
KH307,Bác sĩ,21733,21181,24028,24102,22469,23081,21720,20862,19850,21371,22708,23063,266168,Hưu trí,Đã có
KH308,Làm hãng,3851,3839,3807,4185,4547,4601,4381,4361,4190,4447,4217,4009,50435,Thuế thu nhập,Đã có
KH309,Nails,5463,5347,5718,5339,7895,7206,7774,7649,5446,5967,6012,8141,77957,Chi phí y tế,Chưa có
KH310,Làm vườn,2317,2334,5086,4969,7060,6765,7051,6882,4522,4988,4658,3034,59666,Chi phí y tế,Chưa có
KH311,Bác sĩ,21958,20428,22040,20013,21558,19848,21430,21969,20242,23665,20248,22427,255826,Thuế thu nhập,Đã có
KH312,Bác sĩ,21234,24144,20212,20637,23765,22920,23146,21489,19864,22512,19984,22963,262870,Hưu trí,Đã có
KH313,Bác sĩ,22577,21326,21697,23597,20459,23903,19823,22518,23816,23245,22302,20262,265525,Hưu trí,Đã có
KH314,Nails,6005,5903,5278,5941,7680,7767,6951,8242,5578,5190,5627,7895,78057,Chi phí y tế,Chưa có
KH315,Nails,5014,5894,5317,6043,8296,7699,7906,7694,5178,5643,5202,7184,77070,Gửi tiền về VN,Chưa có
KH316,Nails,5678,5350,5878,5833,7634,6954,8049,8092,5624,5618,5354,8379,78443,Chi phí y tế,Chưa có
KH317,Làm tóc,5962,5075,5836,5511,7769,7424,8149,7532,5359,5187,5710,8078,77592,Gửi tiền về VN,Chưa có
KH318,Làm tóc,4997,6002,5656,5162,7243,7734,7010,8369,5904,5608,5014,8355,77054,Thuế thu nhập,Chưa có
KH319,Nails,5893,5273,5935,5038,7982,7760,8320,7767,5565,5128,5516,8204,78381,Chi phí y tế,Đã có
KH320,Bác sĩ,21946,19978,24052,21834,21280,22882,21455,20574,23529,23248,19829,21612,262219,Thuế thu nhập,Chưa có
KH321,Làm tóc,4995,5173,5642,4973,7503,7730,7317,7441,5082,5593,5856,7088,74393,Hưu trí,Đã có
KH322,Bác sĩ,22634,20601,22912,20541,20370,19957,22389,20444,24158,20266,23989,23166,261427,Thuế thu nhập,Chưa có
KH323,Làm hãng,4109,3917,3866,4054,4589,4435,4543,4221,4412,4064,4323,4400,50933,Chi phí y tế,Chưa có
KH324,Nails,4965,5683,5964,5043,7389,7782,6934,6970,5932,5530,5913,7108,75213,Chi phí y tế,Chưa có
KH325,Làm tóc,5625,5634,5979,5917,7590,7865,8174,7155,5710,5225,5156,8251,78281,Thuế thu nhập,Chưa có
KH326,Bác sĩ,21151,21540,22041,21170,20710,20678,23141,21581,24042,21487,20729,21059,259329,Thuế thu nhập,Chưa có
KH327,Làm vườn,2629,2526,4958,4634,6094,6263,6744,6768,4711,5134,4334,3613,58408,Chi phí y tế,Chưa có
KH328,Làm hãng,4095,4536,4374,4357,4236,3930,3962,4517,4002,4301,4041,4089,50440,Thuế thu nhập,Đã có
KH329,Làm vườn,2191,2213,4943,4347,6271,6653,6120,6451,4788,4566,5276,3250,57069,Gửi tiền về VN,Chưa có
KH330,Làm tóc,4986,5483,5885,5665,8239,7359,7347,7597,5144,5169,5572,7049,75495,Chi phí y tế,Chưa có
KH331,Làm vườn,2396,2585,4685,4597,7372,6610,6383,7198,4946,5112,4368,3053,59305,Chi phí y tế,Chưa có
KH332,Nails,5180,5586,5422,5126,6936,8440,8309,7775,5321,5108,5176,8299,76678,Chi phí y tế,Chưa có
KH333,Làm hãng,4531,4376,4234,4003,4032,4117,4619,3958,3938,4004,4421,4536,50769,Gửi tiền về VN,Chưa có
KH334,Nails,5287,5774,5707,5231,8128,7593,8461,8021,6008,5930,5218,7181,78539,Chi phí y tế,Đã có
KH335,Làm hãng,4158,4594,4093,3889,4192,4515,4124,4567,4149,4093,4294,4154,50822,Gửi tiền về VN,Đã có
KH336,Làm vườn,2544,2583,5138,4958,6741,6379,6072,7190,4979,5095,4405,3115,59199,Chi phí y tế,Đã có
KH337,Làm hãng,3937,3984,3991,4343,4159,3789,4031,4443,4048,4566,3802,4499,49592,Thuế thu nhập,Chưa có
KH338,Làm vườn,2636,2387,4863,4415,6473,6579,6583,7157,4758,4351,4685,3317,58204,Chi phí y tế,Đã có
KH339,Làm vườn,2472,2281,5218,4811,6643,6319,6585,6574,4932,5165,4789,3200,58989,Chi phí y tế,Chưa có
KH340,Nails,5595,5006,5257,5256,7754,8200,8335,6949,5250,5099,5956,7626,76283,Chi phí y tế,Đã có
KH341,Nails,5910,5934,4990,5246,8444,7745,7577,7601,6032,5856,5046,7912,78293,Chi phí y tế,Chưa có
KH342,Làm vườn,2186,2567,4385,4574,6408,6942,6212,6425,4810,4611,4866,3141,57127,Chi phí y tế,Chưa có
KH343,Nails,5744,5462,5084,5359,7299,7439,7906,7516,5988,5510,5134,8442,76883,Chi phí y tế,Chưa có
KH344,Làm hãng,4460,4254,4283,3862,4154,3864,3945,4107,3963,4084,4144,4481,49601,Gửi tiền về VN,Chưa có
KH345,Nails,5408,5229,5062,5035,8446,7491,7557,8277,5689,5745,5464,7286,76689,Gửi tiền về VN,Chưa có
KH346,Làm tóc,5305,5260,5031,5030,8371,7150,8351,7982,5870,5539,5172,8201,77262,Học vấn con cái,Chưa có
KH347,Làm tóc,5762,5595,5234,5674,7916,7104,8291,7438,5295,5604,5739,7769,77421,Chi phí y tế,Đã có
KH348,Nails,5430,5893,5332,5579,7968,8201,7398,7791,5907,5215,5082,7385,77181,Chi phí y tế,Chưa có
KH349,Làm tóc,5586,5856,5839,5073,7189,7285,7794,7328,5941,5113,5314,7158,75476,Gửi tiền về VN,Đã có
KH350,Nails,5328,4977,5580,5407,7242,7930,7940,7850,5308,5306,5882,7321,76071,Chi phí y tế,Chưa có
KH351,Làm hãng,3923,4318,4439,4110,3895,4357,4332,4356,4424,4522,4477,3921,51074,Thuế thu nhập,Chưa có
KH352,Nails,5931,5759,6037,5064,7966,8223,7836,7354,5620,5961,5689,7432,78872,Gửi tiền về VN,Đã có
KH353,Nails,5835,5541,5214,5453,7691,7725,7940,7270,5769,5231,5481,7236,76386,Chi phí y tế,Đã có
KH354,Làm vườn,2383,2266,4533,4677,7302,6732,6082,6658,4711,5162,4776,3590,58872,Chi phí y tế,Chưa có
KH355,Làm hãng,3825,3818,4522,4488,4486,3879,3975,4460,3817,4554,4180,4318,50322,Gửi tiền về VN,Chưa có
KH356,Bác sĩ,19888,21702,21419,22374,20504,24139,22894,23916,22402,21029,22735,21332,264334,Thuế thu nhập,Đã có
KH357,Làm tóc,5707,5604,5644,5817,8295,8321,8339,7885,5377,5924,5779,7695,80387,Gửi tiền về VN,Đã có
KH358,Làm tóc,5145,5616,5337,5771,7204,7400,7867,6953,5433,5162,5453,8344,75685,Thuế thu nhập,Chưa có
KH359,Bác sĩ,21973,20040,21236,21484,22442,22667,23877,21028,21254,23783,21703,23778,265265,Hưu trí,Đã có
KH360,Làm hãng,3913,4567,4189,4198,4609,4545,4045,4166,3994,4542,3885,4045,50698,Gửi tiền về VN,Đã có
KH361,Nails,5680,5729,5355,5128,7162,7305,8410,8299,5048,5357,6031,8110,77614,Chi phí y tế,Chưa có
KH362,Nails,5701,6030,5713,5469,7797,8332,7635,7303,5880,5716,5119,8328,79023,Gửi tiền về VN,Chưa có
KH363,Làm tóc,5828,5561,5077,5296,8443,8263,7408,7028,6013,5298,5857,7613,77685,Thuế thu nhập,Đã có
KH364,Làm vườn,2277,2235,4789,4869,6470,7002,6433,6794,5193,4587,5279,3198,59126,Chi phí y tế,Đã có
KH365,Nails,5240,5602,5795,5825,7058,7951,7098,7380,6023,5291,5806,8288,77357,Chi phí y tế,Chưa có
KH366,Làm hãng,4111,4618,4332,3977,3932,4337,4266,4414,4005,3830,3849,4365,50036,Gửi tiền về VN,Chưa có
KH367,Nails,5006,5019,5698,5101,7440,7576,7591,7780,5041,5782,5445,7470,74949,Chi phí y tế,Chưa có
KH368,Nails,5698,5498,5785,5207,7805,7015,7018,8129,5031,5693,5473,7656,76008,Chi phí y tế,Chưa có
KH369,Làm vườn,2320,2543,4663,4764,7017,7016,6658,6840,5056,4931,4725,3626,60159,Chi phí y tế,Đã có
KH370,Làm hãng,4475,4140,3882,4069,4538,3812,3891,4151,4026,3839,4214,3978,49015,Chi phí y tế,Đã có
KH371,Làm hãng,4168,4089,4569,4558,3832,4459,4327,4376,4488,3787,4213,3962,50828,Hưu trí,Chưa có
KH372,Làm tóc,5960,5948,5511,5678,7530,7950,7512,8345,5837,5906,5489,8315,79981,Gửi tiền về VN,Chưa có
KH373,Nails,5441,5200,5106,5817,8073,7409,7597,7507,5116,5446,5352,7542,75606,Chi phí y tế,Chưa có
KH374,Làm vườn,2454,2625,4504,5139,6789,6844,6558,7349,5252,4978,4433,3191,60116,Chi phí y tế,Chưa có
KH375,Làm vườn,2523,2407,5136,4568,6604,6163,6607,6403,4598,5174,4375,3464,58022,Chi phí y tế,Đã có
KH376,Làm hãng,4559,4432,3817,4092,4377,4050,4222,4379,4439,3885,4425,4529,51206,Chi phí y tế,Chưa có
KH377,Làm tóc,5586,5780,5039,5322,7762,7333,8137,8036,5448,4950,4977,7230,75600,Gửi tiền về VN,Chưa có
KH378,Làm hãng,4187,4228,4376,4542,4562,4283,4342,4410,3976,3893,4505,4229,51533,Chi phí y tế,Đã có
KH379,Làm hãng,4082,4022,3954,4434,4257,4394,4104,4316,4541,4345,3931,4277,50657,Thuế thu nhập,Chưa có
KH380,Làm tóc,5166,5490,5831,5445,7134,7900,7157,7222,5296,5289,5790,8400,76120,Thuế thu nhập,Chưa có
KH381,Làm vườn,2544,2352,4561,4905,6528,6753,6843,6442,4354,4747,4794,3383,58206,Chi phí y tế,Chưa có
KH382,Làm hãng,3861,3952,3839,4528,3848,4516,4063,3906,3827,4425,4482,3842,49089,Thuế thu nhập,Chưa có
KH383,Nails,5773,5686,5070,5630,7730,7017,7668,6973,5536,5276,5498,7936,75793,Chi phí y tế,Chưa có
KH384,Làm tóc,5281,5878,5442,5494,7402,7122,6993,7726,5678,6027,5383,8198,76624,Thuế thu nhập,Chưa có
KH385,Nails,4997,5787,5527,5407,7846,7103,8071,7744,5388,5499,5767,7871,77007,Chi phí y tế,Đã có
KH386,Làm hãng,4168,4154,4081,4534,4387,4182,4130,4525,4363,4458,4135,4566,51683,Gửi tiền về VN,Đã có
KH387,Bác sĩ,23124,23945,23133,22154,22014,22001,21321,20682,22605,22372,20197,23580,267128,Thuế thu nhập,Chưa có
KH388,Bác sĩ,20398,22956,22834,23859,21474,24181,21307,20260,20117,21384,20639,19852,259261,Thuế thu nhập,Đã có
KH389,Làm hãng,4288,3923,4093,3938,4111,4048,4067,3793,4302,4396,3886,3849,48694,Gửi tiền về VN,Chưa có
KH390,Làm vườn,2387,2269,5066,4854,7296,7009,6580,7143,4988,5065,4450,3075,60182,Gửi tiền về VN,Đã có
KH391,Làm tóc,4987,5197,5607,5166,7737,7583,7946,7705,5380,5644,5943,8010,76905,Thuế thu nhập,Đã có
KH392,Làm hãng,4575,4120,3964,4542,3788,4385,4323,4450,4434,4180,4203,3872,50836,Hưu trí,Chưa có
KH393,Làm hãng,3836,3826,4445,4256,4217,3995,4187,4619,3976,4316,3791,4588,50052,Chi phí y tế,Chưa có
KH394,Làm tóc,5574,5706,5285,5130,8265,8379,7216,8011,5362,5385,5831,7690,77834,Hưu trí,Chưa có
KH395,Nails,5449,5883,5990,5789,8330,7925,7333,7507,5703,5173,5151,6936,77169,Chi phí y tế,Đã có
KH396,Nails,5238,5303,5062,5966,7479,7382,7810,7590,4992,5595,5489,8226,76132,Chi phí y tế,Chưa có
KH397,Làm tóc,5590,5220,5102,5757,8435,7494,7807,6967,6005,5535,5760,7749,77421,Gửi tiền về VN,Chưa có
KH398,Làm hãng,4061,3878,4254,3903,4389,3966,3872,3860,4144,3947,3932,4192,48398,Hưu trí,Chưa có
KH399,Bác sĩ,20508,22307,23690,21851,22132,20118,19845,22954,22797,22205,21120,20257,259784,Thuế thu nhập,Đã có
KH400,Làm tóc,5793,5554,5955,5028,8439,8255,8277,8192,5558,5979,5094,7079,79203,Hưu trí,Chưa có
KH401,Làm hãng,3846,4233,4542,4587,4303,4125,4497,4452,4121,4596,4258,3902,51462,Gửi tiền về VN,Đã có
KH402,Làm vườn,2545,2501,4774,4381,6210,6088,7201,6537,4694,4820,4416,3668,57835,Chi phí y tế,Chưa có
KH403,Nails,5645,5822,5909,5389,8460,6990,7901,7539,5667,5182,4969,7917,77390,Chi phí y tế,Chưa có
KH404,Làm hãng,4196,4229,4376,4211,4587,3962,3860,4022,3886,3959,4341,4266,49895,Hưu trí,Đã có
KH405,Làm hãng,4574,4512,3973,3915,4378,3933,4466,3921,4445,4129,4539,4135,50920,Hưu trí,Đã có
KH406,Làm hãng,3953,4314,3826,3895,4189,4445,4044,4573,4425,4367,3832,4094,49957,Gửi tiền về VN,Chưa có
KH407,Bác sĩ,21234,24181,21474,23252,19939,21919,21677,24141,20868,21654,20986,22502,263827,Thuế thu nhập,Chưa có
KH408,Làm vườn,2312,2417,4930,4989,6568,7036,6915,6224,4785,4782,4945,3083,58986,Chi phí y tế,Đã có
KH409,Làm hãng,4258,3823,4003,3922,3990,3954,4601,3954,3837,4503,4105,3921,48871,Học vấn con cái,Chưa có
KH410,Bác sĩ,20825,20440,23659,22398,22391,22708,20172,22824,20131,20561,19872,20147,256128,Hưu trí,Chưa có
KH411,Nails,6047,5604,4970,5182,7095,8111,8441,7182,5554,5264,5014,7821,76285,Gửi tiền về VN,Chưa có
KH412,Bác sĩ,19865,21634,22806,21185,23194,21131,22060,23635,22583,21345,20088,22516,262042,Thuế thu nhập,Đã có
KH413,Bác sĩ,23607,20807,22442,22676,20843,23941,20065,23135,20174,21053,22652,20709,262104,Thuế thu nhập,Đã có
KH414,Nails,4998,5763,5291,5775,7655,7843,7110,7756,5327,5085,5846,7571,76020,Chi phí y tế,Chưa có
KH415,Làm hãng,4434,4299,4096,4220,3902,4600,3927,4371,3997,4058,4218,4052,50174,Chi phí y tế,Chưa có
KH416,Nails,5662,5109,5441,6009,8123,8116,7134,7695,5439,5130,5178,8072,77108,Chi phí y tế,Đã có
KH417,Nails,5386,5511,5863,5792,7511,7895,7688,7705,5416,5813,5623,7843,78046,Chi phí y tế,Chưa có
KH418,Làm vườn,2621,2201,5234,4626,6438,7015,6943,6132,4655,5237,5245,3554,59901,Gửi tiền về VN,Chưa có
KH419,Làm hãng,4306,4600,4251,3951,4378,4434,4318,4548,4511,4570,4460,3963,52290,Thuế thu nhập,Chưa có
KH420,Làm hãng,4236,4542,4500,4199,3814,4396,3859,4036,4553,4435,4043,4360,50973,Chi phí y tế,Chưa có
KH421,Nails,5082,5587,5602,5607,8457,8363,8280,8091,5673,5544,5819,7052,79157,Gửi tiền về VN,Chưa có
KH422,Làm vườn,2172,2260,4723,4603,6753,7128,7241,6621,4852,5034,4913,3525,59825,Gửi tiền về VN,Chưa có
KH423,Làm tóc,5107,6008,5525,4950,7874,8072,8037,8046,5002,5790,5582,7951,77944,Chi phí y tế,Chưa có
KH424,Làm hãng,4465,3809,4436,4025,4201,3906,3822,3832,3846,4242,4114,4035,48733,Học vấn con cái,Chưa có
KH425,Làm hãng,4236,3838,4254,4034,4386,4331,3900,4490,4181,4048,4079,4390,50167,Hưu trí,Đã có
KH426,Làm tóc,5986,5803,5517,4968,7680,7710,7533,8172,5500,5170,6046,8091,78176,Gửi tiền về VN,Đã có
KH427,Làm tóc,5041,5640,5138,5757,7288,7048,8128,7296,5702,5836,5031,8338,76243,Gửi tiền về VN,Chưa có
KH428,Làm hãng,3977,4606,3793,3852,3861,4250,3867,3856,4142,4362,3808,4606,48980,Hưu trí,Đã có
KH429,Làm hãng,4198,4281,3797,4278,4050,3853,4415,3785,4614,4241,3982,4142,49636,Hưu trí,Đã có
KH430,Làm hãng,4243,4332,4100,4367,4194,3989,4395,4432,3784,3783,3803,4518,49940,Gửi tiền về VN,Đã có
KH431,Bác sĩ,23777,23614,21789,20376,23678,22513,22054,21122,21868,21165,21403,23534,266893,Thuế thu nhập,Đã có
KH432,Làm vườn,2350,2272,4742,5012,7217,6347,7362,6160,4508,4410,5255,3677,59312,Chi phí y tế,Chưa có
KH433,Làm hãng,4469,4509,4512,3925,4340,4417,4574,4040,4036,4067,3801,4377,51067,Gửi tiền về VN,Đã có
KH434,Làm vườn,2406,2281,4339,4343,6653,6048,6093,6503,4819,5078,5095,3423,57081,Gửi tiền về VN,Đã có
KH435,Làm vườn,2317,2510,4607,4721,6182,6612,7249,7134,4756,4751,4771,3158,58768,Chi phí y tế,Chưa có
KH436,Làm hãng,4017,4333,4570,4300,4609,4303,4499,3866,3808,4168,3982,4293,50748,Học vấn con cái,Đã có
KH437,Nails,5612,4993,5698,5929,7067,6937,6980,7430,4955,6037,5896,8302,75836,Chi phí y tế,Đã có
KH438,Làm hãng,3933,4142,4196,3974,4368,4187,4359,4298,4399,4098,4372,4155,50481,Chi phí y tế,Chưa có
KH439,Làm vườn,2334,2586,4491,4638,7219,6468,7262,6161,4829,4805,5110,3140,59043,Chi phí y tế,Chưa có
KH440,Làm hãng,4505,4428,4388,4313,3888,4497,4138,3858,4210,3850,4542,4210,50827,Thuế thu nhập,Chưa có
KH441,Làm vườn,2550,2581,5157,4393,6989,6678,6586,6979,4462,4374,4758,3065,58572,Chi phí y tế,Chưa có
KH442,Nails,5752,5564,5267,5197,8462,8319,7639,8178,6042,5942,5852,7126,79340,Gửi tiền về VN,Chưa có
KH443,Nails,5309,5708,5966,5027,7914,7903,7385,6993,5417,5685,5298,8294,76899,Chi phí y tế,Đã có
KH444,Nails,5797,5449,5309,5119,6933,7939,7233,7513,5564,5755,5947,7401,75959,Chi phí y tế,Chưa có
KH445,Bác sĩ,20026,24145,23127,21157,21754,20327,23062,21747,20457,23919,22535,21730,263986,Hưu trí,Đã có
KH446,Làm tóc,5849,5424,5035,5642,8235,8406,8153,7074,5698,5996,5463,7332,78307,Chi phí y tế,Đã có
KH447,Làm tóc,6015,5655,5073,5136,8328,6964,7954,7040,5249,5778,5172,7848,76212,Thuế thu nhập,Đã có
KH448,Làm hãng,3864,3931,4494,4288,4217,4434,3852,4517,3955,3823,4533,4435,50343,Hưu trí,Chưa có
KH449,Làm tóc,5867,5658,4976,5146,7557,6979,7676,7730,5602,5329,5519,7001,75040,Hưu trí,Chưa có
KH450,Làm vườn,2306,2252,4899,5023,6533,7029,6495,6725,4785,5278,5077,3116,59518,Chi phí y tế,Đã có
KH451,Làm tóc,5199,5377,5592,5500,7586,7218,7056,7210,5551,5223,5213,7049,73774,Chi phí y tế,Đã có
KH452,Nails,5637,5505,5321,5233,7894,7802,7526,7628,5813,5557,4997,7014,75927,Chi phí y tế,Chưa có
KH453,Làm vườn,2295,2579,5278,4737,6803,6730,6137,7198,4992,4338,5140,3184,59411,Chi phí y tế,Đã có
KH454,Làm hãng,4305,4261,3951,4205,3844,4462,4220,4312,3890,4508,4470,4154,50582,Hưu trí,Đã có
KH455,Nails,5686,4960,5285,5649,7162,7075,7083,7996,5279,5677,5769,7534,75155,Chi phí y tế,Chưa có
KH456,Làm vườn,2377,2239,4921,5263,7043,6700,7298,6296,4497,4855,4702,3607,59798,Chi phí y tế,Chưa có
KH457,Làm hãng,4458,4238,4148,4424,4107,4295,4201,4549,4056,4048,4499,4429,51452,Học vấn con cái,Chưa có
KH458,Nails,5727,5963,5178,5186,7037,8104,7322,6999,5481,5069,5133,8064,75263,Chi phí y tế,Đã có
KH459,Làm tóc,5454,5644,5492,5942,7120,7838,7781,8397,5831,5726,5188,8289,78702,Gửi tiền về VN,Chưa có
KH460,Làm tóc,5738,5602,5260,5112,7874,7658,7376,8024,5244,5179,5305,7245,75617,Chi phí y tế,Đã có
KH461,Làm vườn,2353,2330,4915,4544,6985,6400,6150,6509,4594,5027,4879,3095,57781,Chi phí y tế,Đã có
KH462,Nails,5396,5883,5977,5203,7169,8369,7730,8007,5888,5698,5942,8250,79512,Chi phí y tế,Chưa có
KH463,Nails,5739,5515,5747,5500,7882,7938,7607,7923,5953,5767,6008,8252,79831,Chi phí y tế,Đã có
KH464,Làm hãng,3847,3933,3988,3857,3908,4544,4177,4505,4335,4359,4266,3882,49601,Thuế thu nhập,Chưa có
KH465,Làm vườn,2549,2300,4349,5174,6712,7117,6866,7310,4564,4819,4394,3314,59468,Chi phí y tế,Chưa có
KH466,Làm vườn,2211,2317,5008,5259,6755,6759,7155,6051,5261,4424,5064,3025,59289,Gửi tiền về VN,Chưa có
KH467,Làm hãng,4580,4351,3910,4536,4516,3801,4473,4258,4567,3927,4248,4234,51401,Học vấn con cái,Chưa có
KH468,Làm vườn,2410,2627,5120,4662,6095,6304,6347,6450,4478,4659,4890,3060,57102,Gửi tiền về VN,Chưa có
KH469,Làm vườn,2279,2176,5222,4412,6728,7089,6317,6872,4871,4572,5173,3335,59046,Gửi tiền về VN,Chưa có
KH470,Làm tóc,5136,5152,5215,4980,8369,7533,7269,8167,5419,5497,5075,7451,75263,Chi phí y tế,Chưa có
KH471,Làm hãng,4318,4012,4296,4253,4315,3781,4535,3833,3891,4151,4150,4076,49611,Chi phí y tế,Chưa có
KH472,Làm tóc,5692,6008,5361,5023,7063,7890,8354,8209,6022,6020,5259,8161,79062,Học vấn con cái,Đã có
KH473,Làm vườn,2522,2572,5020,4524,6581,6085,6063,6564,5079,4565,4808,3498,57881,Chi phí y tế,Chưa có
KH474,Bác sĩ,22541,22203,21111,22665,21395,23520,20978,22154,23416,21981,20542,22412,264918,Hưu trí,Chưa có
KH475,Làm hãng,4533,4165,4425,4438,4090,4245,4099,4276,4521,4166,3991,4593,51542,Hưu trí,Đã có
KH476,Bác sĩ,20729,21490,23696,20222,20134,22911,23481,23730,21250,22355,23784,23580,267362,Thuế thu nhập,Đã có
KH477,Nails,5134,5333,5869,6006,7298,7525,8272,7049,5662,5350,5615,7928,77041,Chi phí y tế,Đã có
KH478,Làm hãng,4230,4148,4499,4514,4284,3960,4424,4155,4518,4275,3806,4600,51413,Gửi tiền về VN,Chưa có
KH479,Làm hãng,4567,4234,4277,4584,4280,3955,3983,3979,4169,4368,4529,4260,51185,Chi phí y tế,Chưa có
KH480,Nails,5175,5662,5990,5243,7963,7529,8066,7242,5183,5894,5221,7636,76804,Chi phí y tế,Chưa có
KH481,Nails,5947,5087,5882,5209,8147,7705,7407,8281,5681,5792,5368,7229,77735,Chi phí y tế,Chưa có
KH482,Làm tóc,5054,4964,5114,5653,7830,7077,7350,7498,5864,5998,5355,7849,75606,Hưu trí,Đã có
KH483,Bác sĩ,22874,21535,21549,21262,20415,22554,21909,21896,23932,22674,21221,22377,264198,Thuế thu nhập,Đã có
KH484,Nails,5942,5752,5779,5872,7561,7472,8222,8112,5662,5186,5720,8231,79511,Chi phí y tế,Chưa có
KH485,Nails,5706,5788,5021,5683,7829,7828,7626,7410,5354,5323,5088,7213,75869,Chi phí y tế,Đã có
KH486,Làm vườn,2405,2596,5090,4910,6194,6328,6329,6212,4818,4481,4948,3108,57419,Chi phí y tế,Chưa có
KH487,Bác sĩ,23353,22977,23929,23470,20838,20266,23708,21124,20796,23609,23262,22821,270153,Thuế thu nhập,Đã có
KH488,Làm tóc,4977,5225,5797,5695,8220,7932,8464,7362,5971,5389,5398,7023,77453,Học vấn con cái,Chưa có
KH489,Làm hãng,4056,4158,4126,4174,4496,4459,3837,3795,4398,3922,4546,3947,49914,Gửi tiền về VN,Chưa có
KH490,Nails,5167,5282,5840,5701,7449,7532,7399,8226,5444,5227,5438,8224,76929,Gửi tiền về VN,Chưa có
KH491,Nails,5646,5528,5001,5514,7123,8278,7186,8195,5103,5683,5937,7409,76603,Gửi tiền về VN,Chưa có
KH492,Làm tóc,5782,5609,5960,5855,7798,8335,7191,7017,5663,5201,5497,8112,78020,Chi phí y tế,Chưa có
KH493,Làm vườn,2463,2419,4715,4904,6696,6218,6653,6633,4495,4631,4874,3060,57761,Chi phí y tế,Đã có
KH494,Làm vườn,2491,2160,5253,4444,6644,6701,6070,6623,5229,5015,5163,3647,59440,Chi phí y tế,Chưa có
KH495,Làm tóc,5913,5360,6013,5193,7824,8412,8004,7180,5941,5590,5584,7312,78326,Hưu trí,Đã có
KH496,Nails,5004,5701,5658,5171,7680,7093,8362,7086,5701,5503,5588,7327,75874,Chi phí y tế,Chưa có
KH497,Làm vườn,2400,2306,5076,4601,7231,6616,6162,6495,4864,4879,5168,3108,58906,Gửi tiền về VN,Chưa có
KH498,Làm vườn,2451,2523,4320,5215,6957,6738,6778,6643,4501,4497,4520,3142,58285,Chi phí y tế,Đã có
KH499,Làm tóc,6023,5047,5204,5440,8007,8449,7865,7502,5420,5793,5808,7508,78066,Học vấn con cái,Chưa có
KH500,Làm tóc,4986,5147,5854,5513,7382,8257,8198,7848,5051,5875,5463,8434,78008,Chi phí y tế,Chưa có
